Job,Education,Default,Balance,Housing,Loan,Campaign,Pdays,Poutcome,Deposit
blue-collar,secondary,no,580,yes,no,1,-1,unknown,1
services,secondary,no,3644,no,no,2,-1,unknown,1
student,tertiary,no,538,yes,no,1,-1,unknown,1
management,tertiary,no,1773,no,no,1,336,failure,1
management,tertiary,no,217,no,yes,2,-1,unknown,1
blue-collar,secondary,no,1134,no,no,3,-1,unknown,1
management,tertiary,no,1085,no,yes,6,-1,unknown,1
admin,secondary,no,127,no,no,4,-1,unknown,1
blue-collar,secondary,no,3,yes,no,1,-1,unknown,1
technician,secondary,no,258,no,yes,2,-1,unknown,1
blue-collar,secondary,no,498,no,no,1,-1,unknown,2
blue-collar,secondary,no,65,yes,no,1,370,failure,1
blue-collar,secondary,no,18,no,no,1,-1,unknown,1
management,tertiary,no,883,yes,no,2,106,failure,2
management,tertiary,no,640,no,no,4,213,failure,1
management,tertiary,no,536,no,no,1,105,success,2
blue-collar,secondary,no,247,yes,yes,1,352,failure,1
management,tertiary,no,518,yes,no,1,-1,unknown,1
blue-collar,secondary,no,0,yes,no,3,-1,unknown,1
management,tertiary,no,5437,no,no,1,91,failure,2
self-employed,secondary,no,-478,yes,yes,1,-1,unknown,1
management,tertiary,no,991,yes,no,3,-1,unknown,2
blue-collar,secondary,no,-755,yes,yes,1,337,failure,1
blue-collar,secondary,no,-239,yes,no,3,-1,unknown,1
entrepreneur,tertiary,no,3017,no,no,3,-1,unknown,1
services,secondary,no,184,yes,no,4,-1,unknown,1
student,secondary,no,431,no,no,2,-1,unknown,2
blue-collar,primary,no,699,no,no,1,-1,unknown,1
technician,secondary,no,914,no,no,1,-1,unknown,1
blue-collar,tertiary,no,7816,yes,no,2,-1,unknown,1
retired,secondary,no,728,no,no,2,110,failure,1
management,unknown,no,3428,yes,yes,1,-1,unknown,1
management,tertiary,no,223,no,no,22,-1,unknown,1
admin,secondary,no,2254,no,no,1,-1,unknown,1
technician,secondary,no,589,yes,no,1,26,success,1
technician,secondary,no,79,yes,no,2,-1,unknown,1
blue-collar,secondary,no,78,yes,yes,1,-1,unknown,1
technician,secondary,no,409,no,yes,2,-1,unknown,1
entrepreneur,secondary,no,352,yes,no,2,-1,unknown,1
blue-collar,secondary,no,-312,yes,yes,2,-1,unknown,1
blue-collar,secondary,no,1044,yes,no,1,-1,unknown,1
management,tertiary,no,227,no,yes,4,-1,unknown,1
admin,secondary,no,1967,no,no,1,-1,unknown,2
entrepreneur,primary,no,650,yes,no,2,-1,unknown,1
blue-collar,primary,no,1309,yes,no,2,364,failure,1
admin,secondary,no,115,yes,yes,1,-1,unknown,1
technician,secondary,no,337,no,no,1,-1,unknown,2
technician,tertiary,no,874,yes,no,2,-1,unknown,1
retired,unknown,no,679,no,no,2,178,success,1
services,secondary,no,8114,yes,no,1,-1,unknown,1
management,secondary,no,453,yes,no,1,269,failure,1
management,tertiary,no,0,yes,no,2,-1,unknown,1
blue-collar,secondary,no,258,yes,no,1,-1,unknown,1
management,tertiary,no,2540,no,no,5,-1,unknown,1
blue-collar,secondary,no,196,yes,no,7,-1,unknown,1
unemployed,tertiary,no,14889,yes,no,3,-1,unknown,1
management,tertiary,no,0,no,no,2,-1,unknown,1
housemaid,primary,no,1340,no,no,2,-1,unknown,1
management,tertiary,no,1323,no,no,1,-1,unknown,2
unknown,primary,no,4722,no,no,3,-1,unknown,1
services,secondary,no,267,no,no,2,-1,unknown,2
blue-collar,primary,no,60,no,no,1,-1,unknown,1
management,tertiary,no,355,yes,no,5,-1,unknown,1
blue-collar,secondary,no,-452,yes,no,5,-1,unknown,1
management,secondary,no,93,no,no,2,-1,unknown,1
blue-collar,secondary,no,10142,yes,no,1,-1,unknown,1
student,secondary,no,82,yes,no,2,-1,unknown,1
self-employed,secondary,no,1270,yes,no,2,-1,unknown,1
technician,secondary,no,80,yes,no,5,-1,unknown,1
admin,secondary,no,-17,yes,no,2,340,failure,1
management,tertiary,no,113,no,no,2,-1,unknown,1
admin,secondary,no,447,yes,yes,5,-1,unknown,1
technician,secondary,no,-348,yes,no,1,-1,unknown,1
admin,tertiary,no,238,no,no,1,-1,unknown,1
blue-collar,primary,no,7601,yes,no,1,-1,unknown,1
technician,secondary,no,-14,yes,no,4,-1,unknown,1
unemployed,primary,no,210,no,no,2,-1,unknown,1
services,secondary,no,1163,no,yes,4,-1,unknown,1
management,tertiary,no,492,no,no,1,-1,unknown,1
admin,secondary,no,2661,yes,no,1,-1,unknown,1
unknown,unknown,no,1,no,no,1,-1,unknown,1
technician,secondary,no,123,yes,yes,2,-1,unknown,1
housemaid,primary,no,104,no,yes,1,-1,unknown,2
self-employed,tertiary,no,-312,no,no,4,-1,unknown,1
technician,primary,no,2282,no,no,1,-1,unknown,1
management,unknown,no,375,no,no,3,-1,unknown,1
technician,secondary,no,1165,no,no,1,-1,unknown,2
technician,secondary,yes,91,no,no,4,-1,unknown,1
self-employed,secondary,no,188,yes,yes,2,-1,unknown,2
services,secondary,no,861,yes,no,1,-1,unknown,1
services,secondary,no,249,yes,no,1,275,failure,1
retired,secondary,no,413,no,no,5,-1,unknown,1
self-employed,unknown,no,204,no,no,5,-1,unknown,1
admin,secondary,no,1492,yes,no,13,-1,unknown,1
management,tertiary,no,3857,yes,no,2,190,failure,1
technician,tertiary,no,329,no,no,4,-1,unknown,1
admin,secondary,no,326,yes,no,2,-1,unknown,1
blue-collar,tertiary,no,1984,yes,no,2,14,failure,1
technician,secondary,no,256,yes,no,2,267,failure,1
admin,tertiary,no,193,no,no,2,-1,unknown,1
unemployed,secondary,no,-129,yes,no,3,-1,unknown,1
admin,secondary,no,691,yes,no,2,-1,unknown,1
retired,secondary,no,1734,yes,no,4,-1,unknown,1
blue-collar,secondary,no,563,no,yes,2,-1,unknown,1
blue-collar,secondary,no,303,no,no,1,-1,unknown,1
blue-collar,secondary,no,1313,no,no,1,-1,unknown,1
blue-collar,secondary,no,6483,yes,no,2,-1,unknown,1
management,tertiary,no,73,no,no,2,-1,unknown,2
admin,unknown,no,0,yes,no,1,-1,unknown,1
management,secondary,no,4816,no,yes,1,-1,unknown,1
student,tertiary,no,117,yes,no,1,-1,unknown,1
management,tertiary,no,37,no,no,1,-1,unknown,1
student,secondary,no,431,no,no,11,185,success,2
services,secondary,no,5,no,yes,5,-1,unknown,2
blue-collar,primary,no,-339,yes,yes,2,-1,unknown,1
admin,secondary,no,171,yes,no,1,-1,unknown,1
student,secondary,no,595,yes,no,2,-1,unknown,2
admin,secondary,no,684,yes,no,3,-1,unknown,2
services,secondary,no,4,yes,no,2,-1,unknown,1
technician,tertiary,no,0,yes,yes,3,363,failure,1
entrepreneur,secondary,no,230,yes,no,2,250,other,1
management,tertiary,no,108,no,no,6,-1,unknown,1
blue-collar,primary,no,0,no,no,4,-1,unknown,1
technician,tertiary,no,15302,no,no,4,-1,unknown,1
admin,secondary,no,4168,yes,yes,1,-1,unknown,1
blue-collar,primary,no,48,no,yes,1,-1,unknown,1
services,secondary,no,166,yes,no,1,-1,unknown,1
management,tertiary,no,11675,yes,no,1,-1,unknown,1
retired,primary,no,329,no,yes,3,-1,unknown,1
blue-collar,primary,no,154,yes,no,15,-1,unknown,1
entrepreneur,tertiary,no,7962,yes,no,2,140,failure,1
management,secondary,no,466,yes,no,1,-1,unknown,1
blue-collar,unknown,no,969,yes,no,2,-1,unknown,1
technician,tertiary,no,2976,yes,no,1,175,failure,2
admin,secondary,no,4320,yes,no,2,-1,unknown,1
technician,tertiary,no,880,yes,yes,6,-1,unknown,2
self-employed,secondary,no,1245,yes,no,7,248,success,1
blue-collar,secondary,no,315,no,no,3,-1,unknown,2
technician,secondary,no,1153,yes,no,5,-1,unknown,1
management,tertiary,no,0,no,no,2,-1,unknown,1
blue-collar,primary,no,442,yes,no,1,-1,unknown,1
management,tertiary,no,483,no,no,6,-1,unknown,2
blue-collar,primary,no,695,yes,yes,4,-1,unknown,2
housemaid,secondary,no,84,yes,yes,7,-1,unknown,1
blue-collar,secondary,no,2007,yes,no,3,-1,unknown,2
housemaid,secondary,no,0,no,no,2,-1,unknown,2
services,secondary,no,1315,no,no,4,-1,unknown,2
management,tertiary,no,698,yes,no,2,-1,unknown,1
management,tertiary,no,6525,yes,no,3,-1,unknown,1
blue-collar,secondary,no,736,yes,no,3,-1,unknown,1
technician,secondary,no,0,yes,yes,1,-1,unknown,1
technician,secondary,no,9131,yes,no,1,461,failure,2
technician,primary,no,13,yes,no,2,368,failure,1
management,tertiary,no,14352,no,no,1,-1,unknown,1
technician,secondary,no,-410,yes,yes,3,-1,unknown,1
student,unknown,no,292,no,no,1,-1,unknown,1
admin,secondary,no,298,yes,no,4,-1,unknown,1
management,tertiary,no,3915,no,no,4,-1,unknown,1
student,unknown,no,145,no,no,3,175,failure,1
entrepreneur,tertiary,no,264,yes,yes,1,-1,unknown,1
technician,secondary,no,0,yes,no,3,-1,unknown,1
admin,secondary,no,289,no,no,12,-1,unknown,1
management,tertiary,no,82,no,no,1,178,success,1
admin,secondary,no,560,yes,no,3,-1,unknown,1
technician,secondary,yes,410,no,no,7,-1,unknown,1
admin,secondary,no,887,yes,no,2,-1,unknown,1
management,tertiary,no,6649,yes,no,1,-1,unknown,1
technician,secondary,no,3450,no,no,1,181,success,2
blue-collar,secondary,no,3988,no,no,4,-1,unknown,1
unemployed,primary,no,1,no,no,6,-1,unknown,1
retired,primary,no,962,no,no,1,-1,unknown,1
management,tertiary,no,158,no,no,2,132,failure,2
retired,secondary,no,-82,no,yes,6,-1,unknown,1
management,tertiary,no,545,yes,no,1,-1,unknown,1
technician,secondary,no,59,yes,no,4,341,failure,1
services,secondary,no,434,yes,no,1,-1,unknown,1
technician,primary,no,300,no,yes,6,-1,unknown,1
management,tertiary,no,1206,no,no,4,-1,unknown,1
management,tertiary,no,784,yes,no,3,-1,unknown,1
blue-collar,secondary,no,245,yes,no,2,-1,unknown,1
blue-collar,secondary,no,1035,no,no,1,-1,unknown,1
management,tertiary,no,1475,yes,yes,1,-1,unknown,1
technician,tertiary,no,341,no,no,2,183,success,2
management,tertiary,no,2671,no,no,3,91,success,1
management,tertiary,no,6791,no,no,5,94,failure,1
management,tertiary,no,199,yes,no,1,-1,unknown,1
management,tertiary,no,699,no,no,1,-1,unknown,1
entrepreneur,tertiary,no,-23,no,no,4,-1,unknown,1
technician,secondary,no,2185,yes,no,4,309,other,1
management,tertiary,no,318,no,no,2,-1,unknown,1
management,tertiary,no,715,no,no,1,-1,unknown,1
student,secondary,no,1684,no,no,4,-1,unknown,1
housemaid,unknown,no,10285,no,no,2,-1,unknown,1
technician,secondary,no,147,yes,no,1,-1,unknown,1
management,tertiary,no,909,yes,no,2,-1,unknown,1
blue-collar,secondary,no,3043,yes,yes,1,-1,unknown,2
management,tertiary,no,430,yes,no,16,-1,unknown,1
blue-collar,primary,no,1,yes,yes,7,-1,unknown,1
management,tertiary,no,4119,yes,yes,1,-1,unknown,2
management,tertiary,no,-126,no,no,2,-1,unknown,1
technician,secondary,no,-287,yes,no,3,-1,unknown,1
technician,secondary,no,1142,yes,no,2,-1,unknown,1
management,tertiary,no,72,yes,no,2,348,failure,1
services,secondary,no,-52,yes,no,1,-1,unknown,1
housemaid,primary,no,238,no,no,5,-1,unknown,1
admin,secondary,no,261,yes,no,15,-1,unknown,1
admin,secondary,no,8238,yes,yes,4,-1,unknown,1
admin,primary,no,-407,yes,yes,2,224,other,1
technician,secondary,no,3,no,no,6,-1,unknown,1
management,tertiary,no,1624,no,no,3,97,success,2
student,tertiary,no,80,yes,no,5,361,failure,1
management,tertiary,no,-9,no,no,2,-1,unknown,1
services,secondary,no,0,no,no,4,-1,unknown,1
blue-collar,primary,no,-91,yes,no,1,369,failure,1
blue-collar,primary,no,3324,no,no,1,-1,unknown,1
admin,secondary,no,42,yes,no,2,-1,unknown,1
management,tertiary,no,2159,no,no,1,-1,unknown,2
blue-collar,tertiary,no,350,yes,no,5,-1,unknown,1
blue-collar,primary,no,3990,no,no,1,153,other,1
management,tertiary,no,1761,yes,no,2,294,other,1
blue-collar,primary,no,784,no,no,3,-1,unknown,1
retired,secondary,no,2354,no,no,2,181,success,1
student,unknown,no,722,no,no,2,-1,unknown,2
self-employed,secondary,no,713,yes,no,1,-1,unknown,1
blue-collar,primary,no,-631,yes,no,3,-1,unknown,1
blue-collar,secondary,no,8180,yes,no,1,144,failure,1
blue-collar,secondary,no,949,yes,no,1,-1,unknown,1
housemaid,secondary,no,1327,no,no,2,-1,unknown,1
blue-collar,secondary,no,767,yes,no,1,355,other,1
self-employed,secondary,no,166,yes,no,2,-1,unknown,1
services,primary,no,5907,yes,no,1,167,failure,1
technician,secondary,no,989,no,no,1,-1,unknown,1
services,secondary,no,382,no,no,1,-1,unknown,1
blue-collar,secondary,no,339,no,yes,4,-1,unknown,1
blue-collar,unknown,no,-72,yes,no,1,-1,unknown,1
technician,secondary,no,529,yes,no,1,-1,unknown,1
self-employed,primary,no,97,no,yes,1,-1,unknown,1
admin,secondary,no,3531,yes,no,2,287,failure,1
blue-collar,secondary,no,5829,no,no,2,-1,unknown,1
blue-collar,primary,no,2995,yes,no,2,-1,unknown,1
blue-collar,secondary,no,158,yes,yes,2,-1,unknown,1
technician,secondary,no,0,no,no,5,192,other,2
blue-collar,primary,no,1628,yes,no,1,195,success,1
unemployed,secondary,no,0,no,no,3,-1,unknown,1
management,tertiary,no,390,no,no,1,232,success,2
retired,secondary,no,1279,yes,no,3,357,other,1
blue-collar,secondary,no,1484,yes,no,7,-1,unknown,1
blue-collar,secondary,no,312,yes,yes,2,-1,unknown,1
retired,secondary,no,1058,no,no,3,-1,unknown,2
services,primary,no,0,yes,yes,1,171,other,1
technician,secondary,no,116,no,yes,1,-1,unknown,1
management,tertiary,no,3371,no,no,2,-1,unknown,2
management,tertiary,no,618,no,no,2,-1,unknown,1
management,tertiary,no,1918,no,no,1,-1,unknown,1
management,tertiary,no,4301,yes,yes,1,183,failure,1
technician,unknown,no,4053,yes,no,2,-1,unknown,1
retired,secondary,no,569,no,no,1,-1,unknown,2
admin,secondary,no,2062,no,no,4,-1,unknown,1
admin,secondary,no,1320,yes,yes,3,362,failure,1
management,tertiary,no,1268,no,no,4,-1,unknown,1
retired,secondary,no,509,yes,no,4,-1,unknown,1
retired,secondary,no,2850,no,no,2,28,failure,1
technician,secondary,no,192,no,no,2,-1,unknown,1
management,tertiary,no,-55,yes,no,4,-1,unknown,1
blue-collar,primary,no,680,yes,no,4,-1,unknown,1
management,tertiary,no,1410,yes,no,1,254,failure,1
housemaid,secondary,no,0,no,no,1,105,failure,1
housemaid,secondary,no,922,no,no,2,-1,unknown,1
admin,secondary,no,1114,yes,no,3,-1,unknown,1
management,secondary,no,655,no,yes,6,-1,unknown,1
self-employed,secondary,no,1,yes,no,3,-1,unknown,1
housemaid,tertiary,no,10,yes,no,2,-1,unknown,1
admin,secondary,no,827,yes,no,1,107,failure,1
blue-collar,secondary,no,535,no,no,1,94,success,2
blue-collar,primary,no,487,yes,no,4,-1,unknown,1
technician,secondary,no,2836,no,yes,2,-1,unknown,1
management,tertiary,no,679,no,no,3,-1,unknown,1
blue-collar,secondary,no,0,yes,no,1,165,failure,1
blue-collar,secondary,no,865,yes,no,2,-1,unknown,1
blue-collar,secondary,no,3514,yes,no,2,184,failure,1
blue-collar,primary,no,380,yes,no,2,-1,unknown,1
blue-collar,secondary,no,248,yes,no,2,-1,unknown,1
services,secondary,no,591,no,no,1,-1,unknown,1
services,secondary,no,380,yes,no,1,-1,unknown,1
technician,secondary,no,175,yes,no,1,-1,unknown,1
blue-collar,secondary,no,410,yes,no,1,-1,unknown,1
management,tertiary,no,3770,no,no,2,-1,unknown,1
admin,secondary,no,1342,yes,no,1,-1,unknown,1
blue-collar,primary,no,-119,yes,no,1,-1,unknown,1
services,secondary,no,53,yes,no,2,-1,unknown,1
management,tertiary,no,732,no,no,1,-1,unknown,1
management,tertiary,no,3327,no,no,19,-1,unknown,1
technician,secondary,no,77,yes,no,2,-1,unknown,1
blue-collar,primary,no,85,yes,no,1,-1,unknown,1
admin,secondary,no,384,no,no,1,-1,unknown,1
admin,tertiary,no,689,no,no,1,307,failure,1
retired,secondary,no,571,yes,no,2,-1,unknown,2
blue-collar,secondary,no,-14,yes,no,2,-1,unknown,1
services,secondary,no,1050,yes,no,3,-1,unknown,1
entrepreneur,tertiary,no,504,yes,no,3,-1,unknown,1
management,tertiary,no,3,no,yes,1,-1,unknown,1
blue-collar,secondary,no,246,yes,no,3,-1,unknown,2
technician,tertiary,no,-241,yes,no,2,355,failure,1
admin,secondary,no,74,yes,no,2,287,failure,1
admin,secondary,no,464,no,no,1,-1,unknown,1
unemployed,secondary,no,79,yes,no,1,592,failure,1
services,secondary,no,17,yes,no,4,-1,unknown,1
management,tertiary,no,7192,no,no,1,-1,unknown,2
management,secondary,no,11835,yes,no,2,-1,unknown,2
student,tertiary,no,149,yes,no,4,-1,unknown,1
retired,secondary,no,77,no,no,4,-1,unknown,2
entrepreneur,secondary,no,422,yes,no,2,-1,unknown,1
blue-collar,primary,no,2205,yes,no,3,-1,unknown,1
management,tertiary,no,1357,yes,yes,2,-1,unknown,1
services,primary,no,4903,yes,no,1,180,failure,1
admin,secondary,no,3160,yes,no,1,-1,unknown,1
admin,secondary,no,88,yes,no,2,-1,unknown,1
management,primary,no,108,no,no,2,-1,unknown,1
management,tertiary,no,7,no,no,7,-1,unknown,1
admin,secondary,no,305,yes,no,1,-1,unknown,1
admin,secondary,no,410,yes,no,1,-1,unknown,1
technician,tertiary,no,431,no,no,2,-1,unknown,2
housemaid,tertiary,no,783,yes,no,2,-1,unknown,1
technician,secondary,no,-342,yes,no,3,-1,unknown,1
blue-collar,primary,no,8637,yes,no,1,-1,unknown,1
blue-collar,secondary,no,908,yes,no,1,-1,unknown,2
blue-collar,unknown,no,0,yes,no,1,-1,unknown,1
unemployed,secondary,no,507,yes,no,7,-1,unknown,1
management,tertiary,no,671,yes,no,1,457,failure,1
services,unknown,no,1688,no,no,2,-1,unknown,1
retired,primary,no,515,yes,no,2,-1,unknown,1
admin,secondary,no,725,yes,no,1,-1,unknown,1
technician,tertiary,no,7005,no,no,4,-1,unknown,1
blue-collar,primary,no,303,no,no,6,-1,unknown,1
management,tertiary,no,5878,no,no,7,98,success,1
housemaid,secondary,no,1270,no,no,3,-1,unknown,1
management,tertiary,no,1125,yes,no,1,-1,unknown,1
admin,secondary,no,1193,no,no,2,-1,unknown,1
blue-collar,primary,no,-141,yes,no,2,-1,unknown,1
admin,secondary,no,206,no,no,1,-1,unknown,1
entrepreneur,secondary,no,324,yes,no,3,-1,unknown,1
management,tertiary,no,363,no,no,2,-1,unknown,1
services,secondary,no,250,yes,no,1,-1,unknown,1
management,primary,no,4758,yes,no,5,287,success,1
management,tertiary,no,4359,no,no,6,-1,unknown,1
entrepreneur,secondary,no,273,no,no,1,-1,unknown,1
unemployed,secondary,no,0,yes,no,1,272,failure,2
services,secondary,no,10,yes,no,1,294,failure,1
management,tertiary,no,668,yes,no,1,-1,unknown,1
student,secondary,no,228,no,no,1,-1,unknown,1
blue-collar,primary,no,244,yes,no,1,-1,unknown,1
management,tertiary,no,0,no,no,3,-1,unknown,1
management,secondary,no,-294,yes,no,2,-1,unknown,1
management,tertiary,no,1476,yes,yes,4,-1,unknown,1
blue-collar,secondary,no,422,yes,no,3,-1,unknown,1
housemaid,primary,no,34,no,no,4,-1,unknown,1
management,tertiary,no,2187,yes,no,5,-1,unknown,1
technician,secondary,no,0,no,no,2,-1,unknown,1
technician,secondary,no,920,yes,no,2,286,failure,1
entrepreneur,tertiary,no,120,no,no,4,-1,unknown,1
admin,secondary,no,873,no,no,2,-1,unknown,1
admin,secondary,no,648,yes,no,2,-1,unknown,1
management,tertiary,no,854,no,yes,1,-1,unknown,2
management,tertiary,no,230,no,yes,2,-1,unknown,1
housemaid,primary,no,882,no,no,4,-1,unknown,1
unemployed,secondary,no,17418,yes,no,2,-1,unknown,1
services,secondary,no,199,no,no,6,-1,unknown,1
management,tertiary,no,7825,no,no,5,-1,unknown,1
technician,secondary,no,18,no,no,2,-1,unknown,1
management,tertiary,no,4,no,no,3,-1,unknown,1
technician,tertiary,no,401,yes,no,1,-1,unknown,1
management,tertiary,no,3321,no,no,3,-1,unknown,1
blue-collar,primary,no,289,yes,no,4,-1,unknown,1
entrepreneur,tertiary,no,6825,no,no,9,-1,unknown,1
housemaid,secondary,no,80,no,no,2,-1,unknown,1
technician,secondary,no,89,yes,no,3,-1,unknown,1
blue-collar,primary,no,1849,no,no,4,-1,unknown,1
blue-collar,primary,no,256,yes,no,1,-1,unknown,1
services,secondary,no,544,yes,no,2,-1,unknown,1
blue-collar,secondary,no,934,no,no,2,-1,unknown,1
admin,secondary,no,576,yes,yes,3,-1,unknown,1
services,secondary,no,543,yes,no,1,269,failure,1
blue-collar,secondary,no,316,yes,no,4,-1,unknown,1
management,tertiary,no,1847,no,no,5,-1,unknown,1
technician,tertiary,no,0,yes,no,12,-1,unknown,1
services,secondary,no,5028,yes,no,1,-1,unknown,1
technician,tertiary,no,1289,yes,no,2,-1,unknown,2
blue-collar,secondary,no,213,yes,no,1,343,failure,1
management,tertiary,no,0,no,no,1,-1,unknown,1
technician,secondary,no,157,yes,no,8,-1,unknown,1
technician,secondary,no,644,no,no,3,160,failure,1
technician,tertiary,no,259,no,no,4,-1,unknown,1
blue-collar,primary,no,246,no,no,3,-1,unknown,2
admin,secondary,no,731,no,no,3,-1,unknown,2
management,tertiary,no,169,no,yes,2,-1,unknown,1
management,tertiary,no,85,no,yes,1,-1,unknown,1
retired,secondary,no,2383,no,no,1,-1,unknown,1
blue-collar,secondary,no,665,no,no,3,-1,unknown,1
unemployed,tertiary,no,953,yes,no,1,94,other,1
services,secondary,no,4062,yes,yes,1,-1,unknown,1
blue-collar,secondary,no,0,no,no,3,-1,unknown,1
blue-collar,secondary,no,0,yes,no,2,-1,unknown,1
admin,secondary,no,1934,no,yes,1,364,failure,1
technician,tertiary,no,1036,yes,yes,2,-1,unknown,1
blue-collar,primary,no,480,yes,no,12,-1,unknown,1
blue-collar,primary,no,-677,no,no,1,-1,unknown,1
management,secondary,no,3018,yes,no,2,-1,unknown,1
blue-collar,secondary,no,462,no,no,2,-1,unknown,1
blue-collar,primary,no,1558,yes,no,1,-1,unknown,1
technician,tertiary,no,3255,no,no,4,-1,unknown,1
blue-collar,secondary,no,130,yes,no,1,349,failure,1
entrepreneur,tertiary,no,121,yes,no,1,-1,unknown,1
management,secondary,no,130,no,no,1,-1,unknown,1
technician,secondary,no,2220,no,no,2,-1,unknown,1
blue-collar,secondary,no,525,yes,no,1,332,failure,1
blue-collar,primary,no,1563,yes,no,1,-1,unknown,1
blue-collar,unknown,no,101,yes,no,2,355,failure,1
management,tertiary,no,96,yes,no,14,-1,unknown,1
management,tertiary,no,918,no,no,8,-1,unknown,1
unemployed,secondary,no,57,yes,no,1,-1,unknown,1
blue-collar,primary,no,49,yes,no,2,365,other,1
blue-collar,secondary,no,15341,no,no,1,334,failure,1
retired,secondary,no,1316,no,no,5,-1,unknown,1
housemaid,primary,no,823,no,no,3,-1,unknown,1
retired,tertiary,no,381,yes,no,4,-1,unknown,1
services,unknown,no,196,no,no,2,-1,unknown,2
management,primary,no,255,no,no,1,-1,unknown,1
retired,primary,no,1343,no,no,2,-1,unknown,1
self-employed,unknown,no,1179,no,no,2,95,failure,1
retired,primary,no,537,no,no,1,-1,unknown,1
admin,secondary,no,26,no,yes,4,-1,unknown,1
management,tertiary,no,4,no,no,4,-1,unknown,2
admin,secondary,no,214,yes,no,2,324,failure,1
management,secondary,no,3096,yes,no,6,-1,unknown,1
technician,secondary,no,124,yes,no,8,-1,unknown,1
housemaid,secondary,no,5,no,no,2,-1,unknown,1
retired,secondary,no,415,no,no,2,-1,unknown,1
student,unknown,no,108,no,no,1,183,success,2
management,tertiary,no,27696,no,no,2,184,success,2
management,primary,no,606,no,no,6,-1,unknown,1
self-employed,tertiary,no,1510,no,no,2,-1,unknown,1
management,primary,no,6900,no,no,2,-1,unknown,1
unknown,unknown,no,490,no,no,1,-1,unknown,1
unknown,tertiary,no,8564,no,no,1,-1,unknown,1
blue-collar,tertiary,no,597,no,no,6,-1,unknown,2
blue-collar,primary,no,778,yes,yes,5,-1,unknown,1
management,tertiary,no,15520,no,no,1,-1,unknown,1
admin,secondary,no,10250,yes,no,3,385,other,2
unknown,unknown,no,0,no,no,1,-1,unknown,1
management,tertiary,no,60,no,no,6,-1,unknown,1
services,secondary,no,573,yes,no,1,-1,unknown,1
technician,tertiary,no,4660,no,no,2,-1,unknown,1
management,tertiary,no,243,yes,no,2,360,failure,1
self-employed,secondary,no,670,no,no,1,-1,unknown,1
management,tertiary,no,198,yes,no,5,364,failure,1
management,tertiary,no,318,yes,no,2,-1,unknown,1
management,primary,no,338,yes,no,5,-1,unknown,1
management,tertiary,no,1441,yes,no,2,-1,unknown,2
blue-collar,primary,no,443,yes,no,2,316,other,1
blue-collar,secondary,no,376,yes,no,1,-1,unknown,1
admin,secondary,no,32,no,yes,10,-1,unknown,1
blue-collar,secondary,no,1230,yes,no,2,182,success,2
technician,secondary,no,61,no,no,2,-1,unknown,1
student,secondary,no,1694,yes,no,1,-1,unknown,1
technician,secondary,no,256,yes,no,4,-1,unknown,1
technician,tertiary,no,94,no,no,2,-1,unknown,1
management,tertiary,yes,45,yes,no,1,-1,unknown,1
management,secondary,no,5558,yes,no,6,189,failure,1
retired,primary,no,46,no,no,2,-1,unknown,1
admin,secondary,no,241,yes,yes,25,-1,unknown,1
technician,tertiary,no,465,no,yes,3,-1,unknown,1
admin,secondary,no,1229,no,no,1,182,success,1
admin,secondary,no,686,yes,no,2,-1,unknown,1
retired,secondary,no,74,yes,no,2,-1,unknown,1
admin,secondary,no,140,no,no,5,-1,unknown,1
student,tertiary,no,7529,no,no,1,-1,unknown,2
blue-collar,secondary,no,1716,yes,no,2,340,other,1
admin,secondary,no,-666,yes,no,2,-1,unknown,1
admin,secondary,no,0,yes,yes,2,229,other,1
admin,secondary,no,660,no,no,1,561,success,2
admin,secondary,no,770,yes,no,1,-1,unknown,1
unemployed,tertiary,no,1291,no,no,1,86,success,2
blue-collar,secondary,no,217,yes,no,1,-1,unknown,1
blue-collar,primary,no,2366,yes,no,3,325,failure,1
management,tertiary,no,2676,no,no,4,-1,unknown,1
admin,secondary,no,-133,no,no,1,-1,unknown,1
admin,secondary,no,281,no,no,2,-1,unknown,1
student,secondary,no,2488,no,no,6,169,success,2
services,primary,no,1496,yes,no,2,258,failure,1
admin,secondary,no,552,yes,no,2,-1,unknown,1
blue-collar,secondary,no,276,no,no,2,-1,unknown,2
admin,secondary,no,-363,yes,yes,1,-1,unknown,1
blue-collar,unknown,no,51,yes,no,1,-1,unknown,1
admin,secondary,no,1737,no,no,2,106,failure,1
technician,tertiary,no,1189,no,no,3,-1,unknown,1
blue-collar,secondary,no,5270,yes,no,1,-1,unknown,1
student,secondary,no,141,no,no,1,-1,unknown,1
technician,secondary,no,499,yes,no,10,-1,unknown,1
blue-collar,secondary,no,2190,no,yes,1,-1,unknown,1
services,secondary,no,187,yes,no,1,-1,unknown,1
housemaid,secondary,no,2042,yes,no,1,-1,unknown,1
admin,secondary,no,1595,no,no,1,254,success,1
technician,secondary,no,116,no,no,4,422,failure,2
retired,tertiary,no,0,no,no,4,-1,unknown,1
management,unknown,no,1708,no,no,1,75,failure,2
services,secondary,no,0,no,no,6,193,success,2
technician,tertiary,no,3530,yes,no,1,-1,unknown,1
entrepreneur,tertiary,no,31,no,no,1,-1,unknown,1
blue-collar,primary,no,1873,yes,no,1,-1,unknown,1
technician,secondary,no,40,yes,no,1,-1,unknown,1
technician,secondary,no,36,no,no,3,-1,unknown,1
unemployed,secondary,no,4769,no,no,1,-1,unknown,1
admin,tertiary,no,2552,no,no,1,293,failure,2
services,secondary,no,1099,no,no,2,245,failure,1
entrepreneur,primary,no,1657,no,no,2,-1,unknown,1
blue-collar,secondary,no,381,yes,no,1,-1,unknown,1
housemaid,primary,no,758,no,no,2,-1,unknown,1
services,secondary,no,43,no,yes,1,-1,unknown,1
blue-collar,secondary,no,164,yes,no,1,-1,unknown,1
self-employed,secondary,no,104,no,no,1,-1,unknown,1
entrepreneur,primary,no,103,yes,no,1,183,failure,1
technician,secondary,no,111,yes,no,3,183,other,1
technician,secondary,no,1855,yes,no,1,-1,unknown,1
services,secondary,no,453,yes,no,2,-1,unknown,1
technician,tertiary,no,1473,yes,yes,2,-1,unknown,1
management,tertiary,no,184,no,no,4,-1,unknown,1
management,primary,no,766,no,no,2,-1,unknown,1
blue-collar,primary,no,2120,yes,no,4,-1,unknown,1
entrepreneur,tertiary,no,-886,yes,yes,6,-1,unknown,1
management,tertiary,no,477,yes,no,5,-1,unknown,1
management,unknown,no,121,yes,no,5,-1,unknown,1
blue-collar,secondary,no,853,no,no,5,-1,unknown,1
services,secondary,no,-236,yes,no,7,-1,unknown,2
retired,secondary,no,0,no,no,1,-1,unknown,2
blue-collar,primary,no,588,yes,no,3,237,failure,1
management,tertiary,no,514,yes,no,2,-1,unknown,1
admin,secondary,no,396,yes,no,2,-1,unknown,1
technician,tertiary,yes,160,no,yes,1,-1,unknown,1
housemaid,tertiary,no,72,no,no,2,-1,unknown,1
management,tertiary,no,1027,yes,no,1,-1,unknown,1
management,tertiary,no,5945,yes,no,1,170,failure,1
admin,secondary,no,2262,no,no,1,-1,unknown,1
technician,secondary,no,0,yes,no,1,470,failure,2
services,secondary,no,0,yes,yes,1,-1,unknown,1
retired,secondary,no,89,no,no,2,-1,unknown,1
retired,primary,no,13,yes,no,2,-1,unknown,1
housemaid,primary,no,168,yes,no,3,-1,unknown,1
unemployed,secondary,no,259,yes,no,2,-1,unknown,1
admin,secondary,no,795,yes,yes,2,-1,unknown,1
management,tertiary,no,2537,no,no,5,-1,unknown,1
technician,secondary,no,2729,yes,no,1,139,success,1
blue-collar,primary,no,2288,yes,no,1,-1,unknown,1
unemployed,secondary,no,3982,no,no,1,-1,unknown,1
blue-collar,unknown,no,4330,no,no,9,-1,unknown,1
services,secondary,no,1694,no,yes,6,-1,unknown,1
blue-collar,primary,no,206,yes,no,1,-1,unknown,1
management,secondary,no,2416,yes,no,4,-1,unknown,1
management,tertiary,no,101,no,yes,1,686,failure,1
management,tertiary,no,76,yes,no,2,371,failure,2
technician,secondary,no,449,yes,yes,4,-1,unknown,1
management,tertiary,no,0,yes,no,2,167,failure,1
admin,secondary,no,869,yes,no,1,-1,unknown,1
admin,secondary,no,678,yes,no,1,246,failure,2
technician,secondary,no,353,yes,no,2,-1,unknown,1
management,tertiary,no,2441,yes,yes,1,-1,unknown,1
blue-collar,secondary,no,125,yes,no,1,-1,unknown,1
blue-collar,secondary,yes,-59,yes,yes,1,-1,unknown,1
housemaid,secondary,no,630,no,no,2,-1,unknown,1
admin,secondary,no,3676,no,no,2,342,other,2
blue-collar,secondary,no,19,yes,no,5,-1,unknown,1
services,secondary,no,108,no,no,4,-1,unknown,1
blue-collar,secondary,no,197,no,no,1,-1,unknown,1
technician,tertiary,no,468,yes,no,1,-1,unknown,1
technician,secondary,no,308,no,no,2,91,failure,1
blue-collar,primary,no,1654,yes,no,1,-1,unknown,1
management,tertiary,no,612,no,no,1,195,failure,1
admin,unknown,no,2273,no,no,3,-1,unknown,1
technician,tertiary,no,0,no,no,2,-1,unknown,2
management,tertiary,no,913,no,no,5,-1,unknown,1
technician,secondary,no,0,yes,no,2,-1,unknown,1
admin,secondary,no,3936,yes,no,2,-1,unknown,1
admin,tertiary,no,1000,yes,no,1,99,success,2
admin,secondary,no,3,yes,no,5,-1,unknown,1
blue-collar,primary,no,42,yes,no,2,342,failure,1
management,tertiary,no,1293,no,no,3,-1,unknown,1
management,tertiary,no,4023,yes,no,2,238,other,1
technician,secondary,no,764,no,no,2,-1,unknown,1
technician,secondary,no,0,no,no,2,-1,unknown,1
retired,secondary,no,8648,no,no,1,-1,unknown,1
admin,secondary,no,313,yes,no,2,-1,unknown,2
admin,secondary,no,9779,yes,yes,2,-1,unknown,1
technician,secondary,no,134,no,yes,4,-1,unknown,1
technician,tertiary,no,119,no,no,8,-1,unknown,1
blue-collar,secondary,no,887,yes,no,1,-1,unknown,1
admin,secondary,no,1992,no,no,1,87,failure,1
technician,tertiary,no,1075,no,no,1,-1,unknown,2
technician,secondary,no,1026,no,no,1,100,failure,1
admin,secondary,no,-528,yes,yes,2,-1,unknown,2
management,tertiary,no,266,yes,no,2,-1,unknown,1
blue-collar,primary,no,12130,yes,no,2,328,failure,1
unemployed,primary,no,274,no,no,5,-1,unknown,1
self-employed,secondary,no,20,no,no,1,-1,unknown,1
blue-collar,primary,no,0,no,no,2,-1,unknown,1
management,tertiary,no,765,no,no,2,-1,unknown,1
admin,secondary,no,1076,yes,no,2,391,other,1
management,tertiary,no,376,yes,no,4,-1,unknown,2
management,tertiary,no,455,yes,no,6,-1,unknown,2
housemaid,primary,no,0,yes,no,1,-1,unknown,1
student,secondary,no,153,no,no,2,-1,unknown,2
management,tertiary,no,22520,no,no,9,-1,unknown,2
blue-collar,secondary,no,2355,yes,yes,3,-1,unknown,1
blue-collar,secondary,no,-51,yes,no,1,-1,unknown,2
blue-collar,primary,no,0,no,no,4,-1,unknown,1
services,secondary,no,381,yes,no,2,-1,unknown,1
technician,secondary,no,138,yes,no,2,-1,unknown,1
technician,secondary,no,145,no,yes,4,-1,unknown,1
technician,secondary,no,482,no,no,2,-1,unknown,1
blue-collar,primary,no,572,no,no,6,-1,unknown,1
technician,secondary,no,1612,no,no,2,353,other,2
blue-collar,secondary,no,304,yes,no,2,-1,unknown,1
blue-collar,secondary,no,356,yes,no,3,-1,unknown,1
blue-collar,secondary,no,167,yes,no,1,-1,unknown,2
blue-collar,secondary,no,2348,no,no,1,-1,unknown,1
unemployed,secondary,no,2062,yes,no,1,-1,unknown,1
admin,secondary,no,1872,no,no,3,103,success,1
admin,secondary,no,2095,yes,no,3,-1,unknown,1
retired,tertiary,no,4104,no,no,8,-1,unknown,1
services,secondary,no,-254,no,no,1,-1,unknown,1
blue-collar,secondary,no,602,yes,yes,2,-1,unknown,1
blue-collar,secondary,no,328,yes,no,1,264,failure,1
entrepreneur,tertiary,no,1110,yes,no,2,183,failure,2
technician,secondary,no,131,yes,no,1,-1,unknown,1
services,secondary,no,67,yes,no,2,-1,unknown,1
blue-collar,primary,no,361,yes,no,2,-1,unknown,1
admin,secondary,no,148,yes,no,2,-1,unknown,1
admin,primary,no,444,yes,no,2,-1,unknown,1
management,tertiary,no,3681,no,no,2,-1,unknown,1
blue-collar,secondary,no,5607,no,no,2,184,failure,1
technician,secondary,no,0,no,no,2,-1,unknown,1
admin,secondary,no,1596,no,no,1,-1,unknown,2
blue-collar,secondary,no,0,yes,no,2,-1,unknown,1
retired,primary,no,4499,no,no,1,-1,unknown,2
management,tertiary,no,16,no,no,1,-1,unknown,1
technician,secondary,no,291,no,no,6,-1,unknown,1
blue-collar,secondary,no,270,yes,yes,1,-1,unknown,1
blue-collar,secondary,no,535,no,no,3,95,success,2
blue-collar,primary,no,351,yes,no,1,-1,unknown,1
management,secondary,no,414,no,no,2,-1,unknown,1
blue-collar,secondary,no,85,yes,no,3,279,other,1
technician,secondary,no,372,no,no,3,-1,unknown,1
technician,secondary,no,672,no,no,9,-1,unknown,1
technician,secondary,yes,-708,no,no,2,-1,unknown,1
technician,secondary,no,5618,yes,no,1,-1,unknown,1
management,tertiary,no,2296,yes,no,8,-1,unknown,1
management,tertiary,no,0,no,no,2,-1,unknown,1
blue-collar,secondary,no,-271,yes,no,1,-1,unknown,1
management,tertiary,no,923,yes,no,3,173,failure,1
blue-collar,secondary,no,1897,yes,yes,1,-1,unknown,1
technician,secondary,no,201,no,no,5,-1,unknown,1
blue-collar,secondary,no,154,yes,no,12,-1,unknown,1
entrepreneur,tertiary,no,2289,yes,yes,1,-1,unknown,1
blue-collar,secondary,no,0,yes,no,3,-1,unknown,1
retired,tertiary,no,2144,no,no,1,184,success,2
unemployed,primary,no,1374,no,no,2,178,success,2
blue-collar,primary,no,13620,yes,no,1,-1,unknown,1
technician,secondary,no,168,yes,no,2,-1,unknown,1
admin,secondary,no,5,yes,no,2,-1,unknown,1
management,tertiary,no,13186,yes,no,2,-1,unknown,1
retired,primary,no,1085,no,no,1,-1,unknown,1
blue-collar,secondary,no,953,yes,no,1,346,success,2
management,tertiary,no,719,yes,no,6,284,other,1
blue-collar,tertiary,no,1372,no,no,1,-1,unknown,1
blue-collar,secondary,no,3623,no,no,1,378,success,2
services,primary,no,1893,yes,no,6,-1,unknown,2
management,unknown,no,1519,no,no,1,92,success,2
housemaid,tertiary,no,1059,no,yes,2,-1,unknown,1
management,tertiary,no,474,yes,yes,4,264,failure,1
retired,unknown,no,878,no,no,2,-1,unknown,1
blue-collar,secondary,no,3052,yes,no,1,-1,unknown,1
management,tertiary,no,0,no,no,1,-1,unknown,1
admin,secondary,no,121,yes,no,2,-1,unknown,1
admin,secondary,no,6207,yes,no,5,-1,unknown,1
technician,secondary,no,225,no,yes,2,-1,unknown,1
unemployed,secondary,no,931,no,no,5,-1,unknown,1
management,tertiary,no,495,no,no,1,-1,unknown,1
housemaid,primary,no,7,no,yes,1,-1,unknown,1
entrepreneur,tertiary,no,658,yes,no,3,-1,unknown,1
services,secondary,no,1483,yes,no,4,-1,unknown,1
blue-collar,primary,no,1287,yes,no,2,-1,unknown,1
technician,secondary,no,967,no,no,3,-1,unknown,1
unemployed,secondary,no,6,no,no,4,-1,unknown,2
management,tertiary,no,20932,no,no,2,-1,unknown,1
technician,secondary,no,1,yes,no,5,199,success,1
management,tertiary,no,0,yes,no,1,-1,unknown,1
unknown,unknown,no,28,no,no,2,-1,unknown,1
blue-collar,unknown,no,3585,no,no,1,-1,unknown,2
management,tertiary,no,-478,yes,no,5,167,failure,1
admin,secondary,no,6264,no,no,16,-1,unknown,1
services,secondary,no,1122,no,no,1,-1,unknown,1
unknown,secondary,no,3111,yes,no,1,188,failure,1
management,tertiary,no,801,no,no,4,-1,unknown,1
technician,secondary,no,175,no,no,4,-1,unknown,1
admin,unknown,no,2115,yes,no,3,-1,unknown,1
blue-collar,secondary,no,360,no,no,1,-1,unknown,1
admin,secondary,no,1697,no,yes,4,-1,unknown,1
management,tertiary,no,5063,no,no,2,-1,unknown,2
blue-collar,secondary,no,1209,yes,no,3,-1,unknown,1
blue-collar,primary,no,3693,yes,no,10,-1,unknown,1
management,tertiary,no,1495,yes,no,1,-1,unknown,1
services,unknown,no,132,yes,no,1,-1,unknown,1
self-employed,secondary,no,284,no,no,1,-1,unknown,1
unemployed,secondary,no,5163,no,no,2,-1,unknown,1
management,unknown,no,641,no,no,3,-1,unknown,1
self-employed,tertiary,no,134,no,no,4,-1,unknown,1
blue-collar,primary,no,1265,yes,no,1,-1,unknown,2
technician,tertiary,no,1626,yes,yes,2,-1,unknown,1
student,secondary,no,1819,no,no,3,-1,unknown,2
blue-collar,primary,no,-27,no,no,4,-1,unknown,1
blue-collar,secondary,no,3008,yes,yes,3,-1,unknown,1
management,tertiary,no,703,yes,no,1,-1,unknown,1
blue-collar,unknown,no,816,no,no,3,-1,unknown,1
management,tertiary,no,681,no,no,1,561,success,2
blue-collar,primary,no,9194,yes,no,2,-1,unknown,1
technician,secondary,no,1191,no,no,2,-1,unknown,1
management,tertiary,no,4386,yes,no,1,-1,unknown,1
retired,secondary,no,4833,no,no,1,-1,unknown,1
services,secondary,no,418,yes,yes,1,-1,unknown,1
admin,secondary,no,96,yes,no,1,-1,unknown,1
blue-collar,secondary,no,-154,no,no,1,-1,unknown,1
retired,primary,no,2579,no,no,1,287,failure,1
technician,secondary,no,95,yes,no,1,-1,unknown,1
technician,secondary,no,163,yes,yes,3,-1,unknown,1
management,tertiary,no,120,no,no,4,-1,unknown,1
entrepreneur,primary,no,0,yes,no,3,-1,unknown,1
technician,secondary,no,54,yes,yes,2,-1,unknown,1
blue-collar,secondary,no,2441,no,no,2,-1,unknown,1
unemployed,secondary,no,0,no,no,14,-1,unknown,1
management,tertiary,no,437,no,no,3,113,other,1
blue-collar,secondary,no,491,yes,no,3,194,failure,1
retired,tertiary,no,4,yes,no,3,358,failure,1
unemployed,secondary,no,76,yes,yes,1,-1,unknown,1
management,tertiary,no,4331,no,no,1,-1,unknown,1
technician,tertiary,no,1354,no,no,2,-1,unknown,2
blue-collar,secondary,no,380,yes,no,6,-1,unknown,1
admin,secondary,no,2423,no,no,4,-1,unknown,1
technician,secondary,no,938,no,no,1,-1,unknown,2
management,tertiary,no,0,no,no,1,-1,unknown,2
blue-collar,secondary,no,217,yes,no,2,344,failure,1
management,tertiary,no,141,no,no,2,-1,unknown,1
retired,secondary,no,4572,no,no,11,162,failure,1
self-employed,tertiary,no,144,yes,no,2,-1,unknown,1
retired,primary,no,1077,no,no,1,-1,unknown,1
blue-collar,secondary,no,187,yes,no,6,-1,unknown,1
unemployed,secondary,no,3354,yes,no,1,-1,unknown,2
technician,secondary,no,103,no,no,1,-1,unknown,1
retired,tertiary,no,1425,no,no,2,102,success,1
technician,tertiary,no,0,no,no,5,-1,unknown,1
management,tertiary,no,1859,yes,no,4,-1,unknown,1
management,tertiary,no,553,yes,no,1,210,success,1
management,tertiary,no,94,yes,no,3,-1,unknown,1
technician,secondary,no,972,no,no,2,-1,unknown,1
housemaid,primary,no,8,no,yes,2,-1,unknown,1
services,secondary,no,-238,yes,no,1,-1,unknown,1
blue-collar,primary,no,1927,no,yes,4,-1,unknown,1
self-employed,primary,no,1226,yes,no,3,-1,unknown,1
technician,secondary,no,3615,yes,no,3,-1,unknown,1
services,secondary,no,257,yes,no,2,-1,unknown,2
technician,secondary,no,0,no,no,8,-1,unknown,1
management,tertiary,no,4874,yes,no,10,-1,unknown,1
services,secondary,no,393,yes,yes,1,-1,unknown,1
management,tertiary,no,335,no,no,2,-1,unknown,1
management,tertiary,no,832,yes,yes,1,176,failure,1
technician,secondary,no,227,no,no,4,-1,unknown,1
services,secondary,no,72,no,yes,4,-1,unknown,1
services,unknown,no,193,yes,no,3,-1,unknown,1
management,tertiary,no,20727,no,no,2,-1,unknown,1
management,secondary,no,11655,no,no,1,-1,unknown,1
housemaid,secondary,no,5233,no,no,2,-1,unknown,1
services,secondary,no,388,yes,no,2,-1,unknown,1
management,tertiary,no,1388,yes,no,1,105,success,1
blue-collar,secondary,no,879,yes,no,1,-1,unknown,1
blue-collar,secondary,no,-507,yes,yes,2,-1,unknown,1
management,tertiary,no,0,no,no,31,-1,unknown,1
management,tertiary,no,93,yes,no,1,272,failure,1
housemaid,unknown,no,6020,no,no,1,-1,unknown,1
management,tertiary,no,1017,no,no,1,-1,unknown,1
management,tertiary,no,50,yes,no,4,-1,unknown,1
admin,tertiary,no,490,yes,no,1,363,failure,1
management,secondary,no,1363,yes,yes,4,-1,unknown,1
admin,tertiary,no,631,no,no,3,-1,unknown,1
blue-collar,primary,no,15515,no,no,2,-1,unknown,1
management,tertiary,no,87,no,no,1,-1,unknown,1
retired,secondary,no,2011,no,no,2,-1,unknown,1
entrepreneur,secondary,no,1306,no,no,1,-1,unknown,2
entrepreneur,secondary,no,320,yes,yes,3,234,other,1
technician,secondary,no,136,yes,no,2,-1,unknown,1
services,secondary,no,-121,yes,no,2,-1,unknown,1
management,tertiary,no,49,no,yes,1,-1,unknown,1
admin,secondary,no,1011,yes,no,12,-1,unknown,1
blue-collar,primary,no,-402,no,no,6,-1,unknown,1
services,secondary,no,3856,yes,no,28,-1,unknown,1
blue-collar,primary,no,900,yes,no,1,-1,unknown,1
services,secondary,no,12,yes,no,1,-1,unknown,1
technician,secondary,no,36,yes,no,1,-1,unknown,1
management,tertiary,no,265,no,no,2,94,success,2
technician,secondary,no,1094,yes,no,8,-1,unknown,1
management,tertiary,no,88,no,no,1,-1,unknown,1
management,tertiary,no,2578,no,no,4,107,failure,1
blue-collar,secondary,no,179,yes,no,1,-1,unknown,1
management,tertiary,no,0,no,no,6,-1,unknown,1
technician,secondary,no,1,yes,no,4,-1,unknown,1
management,tertiary,no,0,yes,yes,2,-1,unknown,1
blue-collar,secondary,no,740,yes,no,2,-1,unknown,1
blue-collar,secondary,no,0,yes,no,2,-1,unknown,1
technician,secondary,no,33,no,no,5,-1,unknown,1
entrepreneur,tertiary,no,1,yes,yes,2,-1,unknown,1
admin,secondary,no,2087,no,no,3,-1,unknown,2
services,secondary,no,259,yes,no,10,-1,unknown,1
technician,tertiary,no,1126,yes,no,1,490,other,1
management,tertiary,no,0,no,no,7,-1,unknown,1
entrepreneur,tertiary,no,135,yes,no,1,-1,unknown,1
blue-collar,secondary,no,20,yes,yes,2,-1,unknown,1
blue-collar,primary,no,299,yes,no,2,-1,unknown,1
admin,secondary,no,1391,yes,no,2,247,failure,1
blue-collar,secondary,no,0,yes,no,2,131,failure,1
management,tertiary,no,63,no,no,2,-1,unknown,1
admin,secondary,no,725,yes,no,7,133,failure,1
blue-collar,secondary,no,262,no,no,4,-1,unknown,1
blue-collar,primary,no,4641,no,no,2,-1,unknown,1
blue-collar,primary,no,630,yes,no,1,174,failure,1
services,secondary,no,1498,yes,no,1,-1,unknown,1
admin,tertiary,no,342,yes,no,1,-1,unknown,1
blue-collar,secondary,no,480,no,no,6,-1,unknown,1
management,tertiary,no,29,yes,no,24,-1,unknown,1
management,tertiary,no,0,no,no,1,-1,unknown,2
admin,secondary,no,1238,yes,no,2,-1,unknown,1
management,tertiary,no,524,yes,yes,2,-1,unknown,1
technician,secondary,no,3492,yes,yes,4,-1,unknown,1
blue-collar,primary,no,1,yes,no,2,-1,unknown,1
unemployed,secondary,no,117,no,no,4,-1,unknown,1
services,secondary,no,773,yes,yes,1,-1,unknown,1
management,tertiary,no,19985,no,no,5,-1,unknown,1
blue-collar,secondary,no,6,no,no,2,-1,unknown,1
blue-collar,secondary,no,0,yes,no,5,-1,unknown,1
technician,secondary,no,5436,yes,no,11,351,failure,1
services,secondary,no,5024,no,no,1,-1,unknown,1
entrepreneur,tertiary,no,38,yes,no,5,-1,unknown,1
technician,secondary,no,309,yes,no,1,-1,unknown,1
unemployed,primary,no,-17,no,no,1,-1,unknown,1
blue-collar,secondary,no,880,yes,yes,1,-1,unknown,1
self-employed,tertiary,no,1603,no,no,1,-1,unknown,1
housemaid,primary,no,389,no,no,2,-1,unknown,1
retired,primary,no,1098,no,no,1,-1,unknown,1
services,secondary,no,-287,yes,no,4,-1,unknown,1
unemployed,secondary,no,237,yes,no,2,-1,unknown,1
unknown,unknown,no,0,no,no,5,-1,unknown,1
services,secondary,no,258,yes,no,1,-1,unknown,1
housemaid,primary,no,4994,no,no,1,-1,unknown,1
technician,secondary,no,864,yes,no,1,-1,unknown,1
management,tertiary,no,841,no,no,6,-1,unknown,1
blue-collar,primary,no,217,yes,no,1,339,failure,1
blue-collar,secondary,no,1137,no,no,1,-1,unknown,1
housemaid,primary,no,1969,no,no,3,-1,unknown,1
retired,tertiary,no,126,no,yes,1,-1,unknown,1
entrepreneur,tertiary,no,762,no,no,11,-1,unknown,2
management,tertiary,no,11528,yes,no,1,-1,unknown,1
technician,secondary,no,349,yes,no,3,-1,unknown,1
blue-collar,secondary,no,518,yes,no,1,-1,unknown,2
management,tertiary,no,2043,yes,no,1,-1,unknown,1
retired,secondary,no,100,yes,no,2,-1,unknown,1
blue-collar,primary,no,1288,yes,no,1,-1,unknown,1
management,tertiary,no,0,yes,no,5,-1,unknown,1
blue-collar,primary,no,0,yes,yes,2,271,other,1
blue-collar,primary,no,487,yes,no,2,-1,unknown,1
technician,secondary,no,449,yes,no,4,-1,unknown,1
technician,secondary,no,950,yes,no,1,-1,unknown,1
housemaid,secondary,no,1029,yes,yes,2,117,failure,1
blue-collar,secondary,no,0,yes,no,3,176,failure,1
services,primary,no,116,yes,no,3,-1,unknown,1
student,secondary,no,88,no,no,1,181,other,1
blue-collar,secondary,no,895,no,no,3,-1,unknown,1
blue-collar,secondary,no,5304,yes,no,1,183,failure,1
technician,tertiary,no,1818,yes,yes,1,92,failure,2
technician,secondary,no,1612,no,no,2,95,success,1
blue-collar,primary,no,1707,no,no,2,-1,unknown,1
management,tertiary,no,0,yes,no,2,-1,unknown,1
services,primary,no,830,yes,yes,2,-1,unknown,1
blue-collar,secondary,no,3311,yes,no,2,184,other,1
technician,secondary,no,1818,no,yes,2,111,failure,1
blue-collar,secondary,no,633,yes,no,1,-1,unknown,1
admin,secondary,no,4178,no,no,2,-1,unknown,1
unknown,unknown,no,27,no,no,3,-1,unknown,1
blue-collar,tertiary,no,1527,no,no,1,-1,unknown,1
management,tertiary,no,-292,yes,no,6,-1,unknown,1
blue-collar,primary,no,649,yes,no,2,-1,unknown,1
blue-collar,secondary,no,310,yes,no,4,-1,unknown,1
management,tertiary,no,377,no,no,3,91,failure,1
blue-collar,primary,no,882,no,yes,8,-1,unknown,1
management,tertiary,no,1431,no,no,1,85,failure,1
entrepreneur,secondary,no,8104,no,no,2,-1,unknown,1
admin,secondary,no,-396,yes,no,1,350,failure,1
blue-collar,primary,no,1491,yes,no,2,-1,unknown,1
management,secondary,no,165,yes,no,3,258,other,1
management,tertiary,no,5,yes,no,1,-1,unknown,1
blue-collar,secondary,no,7378,no,no,3,-1,unknown,1
management,unknown,no,1780,yes,no,3,-1,unknown,2
management,tertiary,no,1027,yes,no,1,152,success,2
blue-collar,primary,no,714,yes,no,6,362,failure,1
blue-collar,primary,no,1401,no,no,8,-1,unknown,1
management,tertiary,no,764,no,yes,5,-1,unknown,1
management,tertiary,no,310,no,no,2,-1,unknown,1
blue-collar,primary,no,463,yes,no,1,-1,unknown,1
blue-collar,primary,no,190,yes,no,2,-1,unknown,1
blue-collar,primary,no,82,no,no,1,-1,unknown,2
technician,tertiary,no,1026,no,no,6,-1,unknown,1
blue-collar,unknown,no,0,no,no,2,-1,unknown,1
management,unknown,no,1519,no,no,1,-1,unknown,2
management,tertiary,no,135,no,no,4,-1,unknown,1
management,tertiary,no,0,no,no,5,-1,unknown,1
management,primary,no,432,yes,no,2,-1,unknown,1
services,secondary,no,518,yes,no,1,-1,unknown,1
admin,tertiary,no,218,no,no,2,-1,unknown,1
blue-collar,secondary,no,2054,yes,no,2,-1,unknown,1
management,secondary,no,1189,no,yes,2,-1,unknown,1
admin,secondary,no,276,yes,yes,1,-1,unknown,1
management,secondary,no,0,no,no,4,-1,unknown,1
services,secondary,no,297,yes,yes,5,-1,unknown,1
student,secondary,no,872,yes,no,1,-1,unknown,1
admin,secondary,no,2196,no,no,5,-1,unknown,2
services,secondary,no,90,yes,no,2,263,failure,1
admin,secondary,no,3432,yes,no,2,-1,unknown,1
management,tertiary,no,1399,no,no,4,-1,unknown,1
management,tertiary,no,498,no,no,2,-1,unknown,1
blue-collar,primary,no,2657,yes,no,2,-1,unknown,1
management,tertiary,no,377,no,no,1,-1,unknown,1
admin,secondary,no,1380,yes,no,1,-1,unknown,1
admin,secondary,no,0,yes,no,8,-1,unknown,1
blue-collar,secondary,no,125,yes,no,1,-1,unknown,1
services,tertiary,no,1983,yes,no,1,-1,unknown,1
unemployed,primary,no,440,no,no,1,-1,unknown,1
technician,unknown,no,-170,no,no,1,-1,unknown,1
technician,secondary,no,2141,no,no,3,-1,unknown,1
technician,secondary,no,-256,yes,no,2,-1,unknown,1
retired,secondary,no,120,no,no,3,-1,unknown,1
services,secondary,no,543,yes,no,1,336,failure,1
technician,secondary,no,214,yes,no,11,-1,unknown,1
admin,secondary,no,151,yes,no,3,-1,unknown,1
admin,secondary,no,1466,yes,no,2,-1,unknown,1
entrepreneur,secondary,no,2959,yes,no,1,342,failure,2
admin,secondary,no,80,no,no,1,-1,unknown,1
management,tertiary,no,-227,yes,no,2,-1,unknown,1
blue-collar,primary,no,8251,no,no,3,-1,unknown,1
housemaid,tertiary,no,20,yes,yes,3,-1,unknown,1
management,secondary,no,171,no,no,1,-1,unknown,2
technician,secondary,no,1386,yes,yes,6,-1,unknown,1
blue-collar,secondary,no,6,yes,no,3,-1,unknown,1
management,tertiary,no,1572,no,no,4,-1,unknown,1
technician,secondary,no,564,no,no,4,-1,unknown,1
management,secondary,no,1473,no,no,7,-1,unknown,1
blue-collar,primary,no,-24,yes,no,1,-1,unknown,1
management,tertiary,no,-513,no,yes,1,-1,unknown,1
admin,secondary,no,3,no,no,2,-1,unknown,1
management,secondary,no,0,yes,no,1,-1,unknown,1
entrepreneur,tertiary,no,12,yes,no,1,-1,unknown,1
technician,secondary,no,475,yes,no,3,-1,unknown,1
admin,secondary,no,5244,yes,no,16,-1,unknown,1
admin,secondary,no,1525,no,no,2,-1,unknown,1
services,unknown,no,2297,no,no,1,-1,unknown,2
admin,secondary,no,3280,no,no,1,-1,unknown,1
admin,secondary,no,3052,yes,yes,3,151,failure,1
management,secondary,no,321,no,yes,10,-1,unknown,1
blue-collar,primary,no,505,yes,no,2,-1,unknown,1
management,tertiary,no,0,no,no,2,-1,unknown,1
student,tertiary,no,1570,yes,no,1,-1,unknown,1
unemployed,secondary,no,356,yes,no,3,356,failure,2
self-employed,tertiary,no,333,no,no,5,-1,unknown,1
blue-collar,primary,no,169,yes,no,1,-1,unknown,1
self-employed,tertiary,no,232,yes,yes,1,-1,unknown,1
services,secondary,no,-27,no,yes,1,-1,unknown,1
admin,secondary,no,51,no,no,2,-1,unknown,1
entrepreneur,tertiary,no,3302,yes,yes,3,-1,unknown,1
management,tertiary,no,246,yes,no,8,-1,unknown,1
technician,secondary,no,13658,yes,no,2,-1,unknown,1
technician,secondary,no,2237,no,no,5,-1,unknown,1
blue-collar,secondary,no,57,yes,no,1,-1,unknown,1
technician,secondary,no,1270,yes,yes,1,337,other,1
services,secondary,no,1076,no,no,1,96,failure,2
technician,secondary,no,1518,no,yes,2,-1,unknown,1
blue-collar,primary,no,-165,yes,yes,3,-1,unknown,1
technician,tertiary,no,6,no,no,4,-1,unknown,1
services,secondary,no,313,yes,no,3,-1,unknown,1
blue-collar,secondary,no,416,yes,no,2,-1,unknown,1
services,secondary,no,1354,no,yes,6,-1,unknown,1
blue-collar,secondary,no,129,yes,no,2,-1,unknown,1
blue-collar,secondary,no,3430,yes,no,6,-1,unknown,1
technician,secondary,no,2402,yes,no,1,-1,unknown,1
technician,secondary,no,1066,no,no,3,-1,unknown,2
blue-collar,primary,no,0,no,no,2,306,failure,1
admin,secondary,no,4962,no,yes,1,-1,unknown,1
services,secondary,no,1155,no,yes,1,-1,unknown,1
